Date,Time,1RSS(dB),2RSS(dB),RQly(%),RSNR(dB),RFMD,TPWR(mW),TRSS(dB),TQly(%),TSNR(dB),GPS,GSpd(kmh),Hdg(@),Alt(m),Sats,Ptch(rad),Roll(rad),Yaw(rad),RxBt(V),Curr(A),Capa(mAh),FM,FM,Rud,Ele,Thr,Ail,S1,6P,S2,EX1,EX2,LS,RS,SA,SB,SC,SD,SE,SF,SG,SH,LSW,TxBat(V)
2020-07-16,10:39:20.820,32,32,100,64,2,250,40,100,58,46.671296 -71.308731,0.4,0.00,84,15,0.03,0.00,0.00,16.7,0.2,1,0,0,9,2,-1024,2,-59,-1024,1024,0,0,-1024,1024,-1,-1,-1,-1,1,-1,-1,1,CA,8.0
2020-07-16,10:39:21.860,34,34,100,67,2,250,41,98,60,46.671296 -71.308732,0.1,0.00,0,15,0.03,0.00,0.00,16.7,0.2,1,0,0,2,2,-945,2,-58,-1024,1024,0,0,-1024,1024,-1,-1,-1,-1,1,-1,-1,-1,CA,8.0
2020-07-16,10:39:22.890,16,16,100,85,2,250,22,100,78,46.671295 -71.308731,0.4,0.00,0,15,0.10,-0.01,0.05,16.6,10.8,4,0,0,107,93,-636,4,-59,-1024,1024,0,0,-1024,1024,-1,-1,-1,-1,1,-1,-1,-1,CA,8.0
2020-07-16,10:39:23.960,21,21,100,79,2,250,25,100,77,46.671287 -71.308726,5.9,15.83,0,15,0.21,-0.06,0.99,16.1,20.5,12,0,0,245,169,-793,273,-59,-1024,1024,0,0,-1024,1024,-1,-1,-1,-1,1,-1,-1,-1,CA,8.0
2020-07-16,10:39:25.060,36,36,100,67,2,250,42,100,59,46.671261 -71.308725,15.5,20.04,4,15,0.55,-0.02,1.83,16.2,14.6,15,0,0,4,5,-523,19,-58,-1024,1024,0,0,-1024,1024,-1,-1,-1,-1,1,-1,-1,-1,CA,8.0
2020-07-16,10:39:26.160,54,54,100,48,2,250,60,100,41,46.671220 -71.308792,41.2,23.79,7,15,0.52,0.21,2.09,16.1,16.4,24,0,0,4,0,-527,2,-59,-1024,1024,0,0,-1024,1024,-1,-1,-1,-1,1,-1,-1,-1,CA,8.0
2020-07-16,10:39:27.280,43,43,100,56,2,250,49,100,55,46.671165 -71.308975,50.8,25.32,11,15,0.52,0.08,2.30,16.4,12.9,29,0,0,-66,0,-505,-244,-58,-1024,1024,0,0,-1024,1024,-1,-1,-1,-1,1,-1,-1,-1,CA,8.0
2020-07-16,10:39:28.390,61,61,100,40,2,250,72,100,30,46.671110 -71.309190,51.4,23.99,11,15,0.56,-0.42,1.24,16.3,19.9,33,0,0,-304,-112,-392,-361,-58,-1024,1024,0,0,-1024,1024,-1,-1,-1,-1,1,-1,-1,-1,CA,8.0
2020-07-16,10:39:29.390,67,67,100,33,2,250,72,100,30,46.671035 -71.309276,27.1,19.28,11,15,0.68,-0.54,0.25,16.2,17.3,39,0,0,-53,-127,-482,-83,-58,-1024,1024,0,0,-1024,1024,-1,-1,-1,-1,1,-1,-1,-1,CA,8.0
2020-07-16,10:39:30.400,64,64,100,39,2,250,72,100,29,46.670991 -71.309243,19.8,13.08,10,15,0.37,-0.32,-0.34,16.4,8.3,42,0,0,-12,-115,-665,2,-59,-1024,1024,0,0,-1024,1024,-1,-1,-1,-1,1,-1,-1,-1,CA,8.0
2020-07-16,10:39:31.510,58,58,100,41,2,250,62,96,36,46.670980 -71.309159,20.4,9.79,8,15,0.16,-0.19,-0.41,16.4,12.3,44,0,0,-2,-43,-618,156,-59,-1024,1024,0,0,-1024,1024,-1,-1,-1,-1,1,-1,-1,-1,CA,8.0
2020-07-16,10:39:32.590,62,62,100,38,2,250,65,83,39,46.670989 -71.309101,21.0,7.77,5,15,0.15,0.13,0.01,16.4,6.7,46,0,0,0,-2,-512,-103,-58,-1024,1024,0,0,-1024,1024,-1,-1,-1,-1,1,-1,-1,-1,CA,8.0
2020-07-16,10:39:33.660,55,55,100,50,2,250,60,100,42,46.670997 -71.309009,21.6,8.41,3,15,0.13,-0.05,0.07,16.4,17.2,51,0,0,-132,0,-656,-4,-58,-1024,1024,0,0,-1024,1024,-1,-1,-1,-1,1,-1,-1,-1,CA,8.0
2020-07-16,10:39:34.730,51,51,100,49,2,250,56,100,48,46.671014 -71.308924,19.4,6.84,2,15,0.15,0.00,0.11,16.4,12.6,54,0,0,0,0,-579,6,-59,-1024,1024,0,0,-1024,1024,-1,-1,-1,-1,1,-1,-1,-1,CA,8.0
2020-07-16,10:39:35.780,49,49,100,49,2,250,54,100,48,46.671039 -71.308866,18.1,5.62,3,15,0.15,0.01,0.30,16.4,8.8,58,0,0,0,2,-593,0,-58,-1024,1024,0,0,-1024,1024,-1,-1,-1,-1,1,-1,-1,-1,CA,8.0
2020-07-16,10:39:36.830,48,48,100,53,2,250,54,100,48,46.671068 -71.308814,18.5,4.91,2,15,0.15,0.01,0.42,16.2,12.5,61,0,0,0,2,-527,2,-59,-1024,1024,0,0,-1024,1024,-1,-1,-1,-1,1,-1,-1,-1,CA,8.0
2020-07-16,10:39:37.900,47,47,100,48,2,250,53,96,50,46.671100 -71.308765,18.6,4.64,2,15,0.15,0.01,0.59,16.3,12.4,65,0,0,11,15,-484,58,-59,-1024,1024,0,0,-1024,1024,-1,-1,-1,-1,1,-1,-1,-1,CA,8.0
2020-07-16,10:39:38.990,52,52,100,43,2,250,69,97,34,46.671144 -71.308696,31.1,5.23,4,15,0.83,0.16,0.65,16.3,31.9,74,0,0,11,257,-412,4,-59,-1024,1024,0,0,-1024,1024,-1,-1,-1,-1,1,-1,-1,-1,CA,8.0
2020-07-16,10:39:40.080,40,40,100,60,2,250,46,100,56,46.671205 -71.308568,57.7,5.59,7,15,1.32,0.22,0.63,16.0,47.0,86,0,0,21,-69,-74,156,-59,-1024,1024,0,0,-1024,1024,-1,-1,-1,-1,1,-1,-1,-1,CA,8.0
2020-07-16,10:39:41.160,45,45,100,58,2,250,51,100,48,46.671315 -71.308303,83.1,6.38,6,15,0.38,0.07,0.97,15.2,91.0,104,0,0,4,-309,130,4,-59,-1024,1024,0,0,-1024,1024,-1,-1,-1,-1,1,-1,-1,-1,8CA,8.0
2020-07-16,10:39:42.210,57,57,100,44,2,250,64,96,39,46.671392 -71.308055,59.9,6.74,11,15,-0.08,0.10,1.07,15.7,25.8,116,0,0,157,199,-469,86,-58,-1024,1024,0,0,-1024,1024,-1,-1,-1,-1,1,-1,-1,-1,CA,8.0
2020-07-16,10:39:43.300,54,54,100,48,2,250,60,100,40,46.671438 -71.307881,49.2,6.96,21,15,0.90,0.26,0.99,15.9,23.6,124,0,0,4,65,-277,2,-59,-1024,1024,0,0,-1024,1024,-1,-1,-1,-1,1,-1,-1,-1,CA,8.0
2020-07-16,10:39:44.390,58,58,100,42,2,250,65,97,37,46.671489 -71.307651,62.9,7.73,27,15,0.87,0.25,1.34,15.7,43.1,134,0,0,4,-75,-90,102,-59,-1024,1024,0,0,-1024,1024,-1,-1,-1,-1,1,-1,-1,-1,CA,8.0
2020-07-16,10:39:45.480,65,65,100,32,2,250,72,100,27,46.671507 -71.307398,78.5,9.11,29,15,0.77,0.32,1.41,15.5,90.1,156,0,0,4,-14,158,19,-58,-1024,1024,0,0,-1024,1024,-1,-1,-1,-1,1,-1,-1,-1,0x000000000000084A,8.0
2020-07-16,10:39:46.580,70,70,100,27,2,250,76,98,26,46.671470 -71.307026,84.2,10.15,33,15,0.76,0.34,1.51,15.4,44.4,171,0,0,66,-95,-2,106,-59,-1024,1024,0,0,-1024,1024,-1,-1,-1,-1,1,-1,-1,-1,CA,8.0
2020-07-16,10:39:47.580,79,79,100,26,2,250,80,92,20,46.671406 -71.306733,87.6,11.49,35,15,0.71,0.42,1.76,15.2,76.7,186,0,0,59,-20,164,54,-59,-1024,1024,0,0,-1024,1024,-1,-1,-1,-1,1,-1,-1,-1,8CA,8.0
2020-07-16,10:39:48.580,88,88,100,11,1,250,89,98,14,46.671363 -71.306617,91.5,12.16,37,15,0.74,0.37,1.89,15.3,66.6,197,0,0,109,-75,29,102,-59,-1024,1024,0,0,-1024,1024,-1,-1,-1,-1,1,-1,-1,-1,9CA,8.0
2020-07-16,10:39:49.670,83,83,100,13,1,250,88,100,14,46.671231 -71.306364,85.1,13.40,40,14,0.76,0.31,2.12,15.5,58.2,206,0,0,45,-49,54,82,-59,-1024,1024,0,0,-1024,1024,-1,-1,-1,-1,1,-1,-1,-1,9CA,8.0
2020-07-16,10:39:50.770,86,86,100,11,1,250,87,100,16,46.671022 -71.306166,82.6,16.12,45,14,0.67,0.33,2.92,15.5,58.2,206,0,0,119,0,139,156,-59,-1024,1024,0,0,-1024,1024,-1,-1,-1,-1,1,-1,-1,-1,9CA,8.0
2020-07-16,10:39:51.770,81,81,100,15,1,250,82,100,23,46.671022 -71.306166,82.6,16.12,45,14,0.67,0.33,2.92,15.1,65.9,244,0,0,131,5,-241,200,-58,-1024,1024,0,0,-1024,1024,-1,-1,-1,-1,1,-1,-1,-1,1CA,8.0
2020-07-16,10:39:52.860,70,70,100,31,1,250,73,100,32,46.670621 -71.306225,82.9,21.03,59,15,0.83,0.32,-3.03,15.6,49.7,263,0,0,7,212,-31,0,-59,-1024,1024,0,0,-1024,1024,-1,-1,-1,-1,1,-1,-1,-1,1CA,8.0
2020-07-16,10:39:53.950,69,69,100,34,1,250,72,100,31,46.670470 -71.306414,83.5,23.37,63,14,1.34,0.34,-2.83,15.8,41.3,271,0,0,4,-109,447,2,-58,-1024,1024,0,0,-1024,1024,-1,-1,-1,-1,1,-1,-1,-1,9CA,8.0
2020-07-16,10:39:55.030,70,70,100,27,1,250,71,100,32,46.670315 -71.306786,117.2,23.90,62,14,1.14,0.21,-2.59,15.1,97.5,293,0,0,4,-37,603,104,-59,-1024,1024,0,0,-1024,1024,-1,-1,-1,-1,1,-1,-1,-1,9CA,8.0
2020-07-16,10:39:56.100,69,69,100,31,1,250,71,100,31,46.670156 -71.307190,135.1,24.36,60,15,0.97,0.26,-2.45,14.6,132.6,329,0,0,2,-40,703,28,-58,-1024,1024,0,0,-1024,1024,-1,-1,-1,-1,1,-1,-1,-1,0x000000000000098A,8.0
2020-07-16,10:39:57.180,71,71,100,29,1,250,72,100,31,46.670026 -71.307652,137.8,25.12,60,15,0.90,0.26,-2.34,14.3,132.2,371,0,0,150,0,-184,132,-59,-1024,1024,0,0,-1024,1024,-1,-1,-1,-1,1,-1,-1,-1,0x000000000000018E,8.0
2020-07-16,10:39:58.270,67,67,100,25,1,250,69,100,35,46.669909 -71.308219,118.6,25.66,63,15,0.95,-0.31,-1.43,14.3,56.4,409,0,0,2,-14,-49,2,-59,-1024,1024,0,0,-1024,1024,-1,-1,-1,-1,1,-1,-1,-1,0x000000000000018E,8.0
2020-07-16,10:39:59.360,69,69,100,29,1,250,72,100,30,46.669868 -71.308607,104.1,26.65,61,15,0.92,-0.41,-1.42,15.1,32.8,416,0,0,2,-54,-2,-38,-58,-1024,1024,0,0,-1024,1024,-1,-1,-1,-1,1,-1,-1,-1,1CA,8.0
2020-07-16,10:40:00.450,73,73,100,24,1,250,77,100,25,46.669867 -71.308995,109.0,27.27,60,15,0.85,-0.43,-1.53,15.2,51.7,431,0,0,0,-43,29,-83,-59,-1024,1024,0,0,-1024,1024,-1,-1,-1,-1,1,-1,-1,-1,9CA,8.0
2020-07-16,10:40:01.450,71,71,100,28,1,250,76,100,29,46.669890 -71.309478,112.0,27.32,60,15,0.81,-0.50,-1.61,15.0,55.3,446,0,0,0,0,67,-31,-58,-1024,1024,0,0,-1024,1024,-1,-1,-1,-1,1,-1,-1,-1,9CA,8.0
2020-07-16,10:40:02.560,70,70,100,27,1,250,75,100,28,46.669898 -71.309886,113.3,27.00,62,15,0.82,-0.52,-1.68,15.0,59.1,465,0,0,-25,-75,35,13,-58,-1024,1024,0,0,-1024,1024,-1,-1,-1,-1,1,-1,-1,-1,9CA,8.0
2020-07-16,10:40:03.560,72,72,100,26,1,250,74,100,29,46.669888 -71.310377,111.9,26.64,64,15,0.75,-0.40,-1.88,15.4,56.9,482,0,0,-71,-60,-4,-70,-58,-1024,1024,0,0,-1024,1024,-1,-1,-1,-1,1,-1,-1,-1,1CA,8.0
2020-07-16,10:40:04.670,73,73,100,24,1,250,74,100,27,46.669861 -71.310774,108.3,26.17,67,15,0.71,-0.34,-2.26,15.5,51.7,497,0,0,-88,-69,-108,-88,-59,-1024,1024,0,0,-1024,1024,-1,-1,-1,-1,1,-1,-1,-1,1CA,8.0
2020-07-16,10:40:05.670,74,74,100,19,1,250,76,100,25,46.669801 -71.311142,100.4,25.06,70,15,0.63,-0.24,-2.75,15.2,45.9,511,0,0,-91,-37,-239,-103,-59,-1024,1024,0,0,-1024,1024,-1,-1,-1,-1,1,-1,-1,-1,1CA,8.0
2020-07-16,10:40:06.790,78,78,100,24,1,250,83,100,20,46.669695 -71.311445,86.4,23.52,74,15,0.61,-0.27,-3.05,15.0,37.6,522,0,0,-116,-57,-288,-194,-59,-1024,1024,0,0,-1024,1024,-1,-1,-1,-1,1,-1,-1,-1,1CA,8.0
2020-07-16,10:40:07.910,88,88,100,11,1,250,94,100,9,46.669560 -71.311652,71.1,21.67,78,15,0.63,-0.47,3.04,15.3,27.0,532,0,0,-119,-98,-309,-212,-59,-1024,1024,0,0,-1024,1024,-1,-1,-1,-1,1,-1,-1,-1,1CA,8.0
2020-07-16,10:40:08.910,89,89,100,11,1,250,92,100,13,46.669390 -71.311739,52.0,17.61,81,15,0.68,-0.68,2.47,15.4,27.4,540,0,0,-114,-89,-266,-165,-58,-1024,1024,0,0,-1024,1024,-1,-1,-1,-1,1,-1,-1,-1,1CA,8.0
2020-07-16,10:40:09.910,91,91,100,12,1,250,91,100,13,46.669293 -71.311654,44.3,11.80,80,15,0.76,-0.66,1.84,15.3,30.6,549,0,0,-25,-80,-212,-36,-58,-1024,1024,0,0,-1024,1024,-1,-1,-1,-1,1,-1,-1,-1,1CA,8.0
2020-07-16,10:40:10.910,89,89,100,8,1,250,90,100,14,46.669292 -71.311481,55.5,7.00,77,15,0.79,-0.58,1.61,15.2,35.9,559,0,0,-2,85,-189,2,-58,-1024,1024,0,0,-1024,1024,-1,-1,-1,-1,1,-1,-1,-1,1CA,8.0
2020-07-16,10:40:12.010,80,80,100,16,1,250,86,100,18,46.669372 -71.311289,66.5,5.17,73,15,1.08,-0.89,1.89,15.2,31.5,568,0,0,-20,80,8,0,-59,-1024,1024,0,0,-1024,1024,-1,-1,-1,-1,1,-1,-1,-1,9CA,8.0
2020-07-16,10:40:13.090,79,79,100,22,1,250,81,100,22,46.669512 -71.311051,77.4,4.90,65,15,1.22,-0.75,1.67,15.2,47.3,581,0,0,-43,-130,327,6,-58,-1024,1024,0,0,-1024,1024,-1,-1,-1,-1,1,-1,-1,-1,9CA,8.0
2020-07-16,10:40:14.180,72,72,100,27,1,250,75,100,27,46.669682 -71.310749,101.2,5.11,53,14,1.03,-0.25,1.10,15.0,91.0,602,0,0,-7,-28,242,-6,-58,-1024,1024,0,0,-1024,1024,-1,-1,-1,-1,1,-1,-1,-1,9CA,8.0
2020-07-16,10:40:15.260,69,69,100,32,1,250,73,100,29,46.669847 -71.310459,105.4,4.98,41,14,0.80,-0.17,0.98,14.6,69.9,625,0,0,0,-121,257,4,-58,-1024,1024,0,0,-1024,1024,-1,-1,-1,-1,1,-1,-1,-1,0x000000000000098A,8.0
2020-07-16,10:40:16.360,71,71,100,28,1,250,75,100,27,46.670025 -71.310153,114.2,4.91,34,14,0.51,-0.13,0.90,14.6,93.3,651,0,0,2,32,65,2,-58,-1024,1024,0,0,-1024,1024,-1,-1,-1,-1,1,-1,-1,-1,0x000000000000098A,8.0
2020-07-16,10:40:17.470,79,79,100,20,1,250,76,100,27,46.670209 -71.309856,103.4,4.69,33,15,0.64,-0.15,0.91,14.6,70.5,674,0,0,2,136,92,4,-58,-1024,1024,0,0,-1024,1024,-1,-1,-1,-1,1,-1,-1,-1,0x000000000000098A,8.0
2020-07-16,10:40:18.570,63,63,100,34,1,250,63,100,38,46.670375 -71.309595,95.3,4.80,36,15,1.04,-0.26,1.02,14.8,51.6,692,0,0,2,2,466,2,-58,-1024,1024,0,0,-1024,1024,-1,-1,-1,-1,1,-1,-1,-1,9CA,8.0
2020-07-16,10:40:19.660,54,54,100,49,2,250,61,100,38,46.670704 -71.309037,115.5,5.04,35,14,1.06,-0.25,1.01,14.5,100.2,746,0,0,2,-60,420,13,-58,-1024,1024,0,0,-1024,1024,-1,-1,-1,-1,1,-1,-1,-1,0x000000000000088E,8.0
2020-07-16,10:40:20.740,64,64,100,38,2,250,70,100,31,46.670886 -71.308708,114.5,5.11,32,14,0.99,-0.21,0.97,14.3,92.4,775,0,0,0,-31,382,6,-58,-1024,1024,0,0,-1024,1024,-1,-1,-1,-1,1,-1,-1,-1,0x000000000000088E,8.0
2020-07-16,10:40:21.840,51,51,100,49,2,250,56,100,43,46.671099 -71.308315,111.9,5.25,26,16,0.96,-0.10,0.97,14.6,37.4,796,0,0,2,-98,88,186,-59,-1024,1024,0,0,-1024,1024,-1,-1,-1,-1,1,-1,-1,-1,0x000000000000088A,8.0
2020-07-16,10:40:22.930,47,47,100,53,2,250,53,100,45,46.671246 -71.308001,103.0,6.33,21,16,0.63,0.21,1.03,14.4,68.3,819,0,0,2,-49,78,4,-58,-1024,1024,0,0,-1024,1024,-1,-1,-1,-1,1,-1,-1,-1,0x000000000000088E,8.0
2020-07-16,10:40:23.940,57,57,100,42,2,250,62,100,35,46.671341 -71.307600,91.5,7.63,24,15,0.56,0.20,1.07,14.8,56.0,836,0,0,-45,2,19,-58,-58,-1024,1024,0,0,-1024,1024,-1,-1,-1,-1,1,-1,-1,-1,8CA,8.0
2020-07-16,10:40:25.050,64,64,100,39,2,250,70,100,32,46.671388 -71.307295,79.7,7.52,28,15,0.59,-0.07,0.81,15.1,43.3,848,0,0,-114,15,-72,-189,-58,-1024,1024,0,0,-1024,1024,-1,-1,-1,-1,1,-1,-1,-1,CA,8.0
2020-07-16,10:40:26.160,78,78,100,16,1,250,87,96,14,46.671469 -71.307051,70.7,5.17,34,16,0.70,-0.21,0.19,15.1,33.9,860,0,0,-149,5,-272,-210,-58,-1024,1024,0,0,-1024,1024,-1,-1,-1,-1,1,-1,-1,-1,1CA,8.0
2020-07-16,10:40:27.260,81,81,100,17,1,250,83,100,16,46.671542 -71.306952,63.6,3.25,36,16,0.80,-0.24,-0.56,15.0,31.5,861,0,0,-91,2,-304,-101,-59,-1024,1024,0,0,-1024,1024,-1,-1,-1,-1,1,-1,-1,-1,1CA,8.0
2020-07-16,10:40:28.350,77,77,100,23,1,250,81,100,22,46.671686 -71.306902,61.3,-30.29,40,16,0.87,-0.14,-1.02,15.1,28.1,869,0,0,-68,0,-372,-124,-59,-1024,1024,0,0,-1024,1024,-1,-1,-1,-1,1,-1,-1,-1,1CA,8.0
2020-07-16,10:40:29.450,76,76,100,23,1,250,80,100,23,46.671830 -71.306991,66.2,32.28,41,15,0.88,-0.10,-1.40,15.0,20.7,876,0,0,-60,-130,-439,-97,-59,-1024,1024,0,0,-1024,1024,-1,-1,-1,-1,1,-1,-1,-1,1CA,8.0
2020-07-16,10:40:30.540,79,79,100,22,1,250,82,100,23,46.671960 -71.307226,73.3,29.75,40,16,0.56,-0.10,-1.64,15.2,22.7,882,0,0,-215,-2,-507,-167,-59,-1024,1024,0,0,-1024,1024,-1,-1,-1,-1,1,-1,-1,-1,1CA,8.0
2020-07-16,10:40:31.660,82,82,100,20,1,250,87,100,16,46.672024 -71.307475,72.8,28.36,37,16,0.53,-0.06,-2.36,15.2,10.9,891,0,0,-241,-52,-493,-259,-58,-1024,1024,0,0,-1024,1024,-1,-1,-1,-1,1,-1,-1,-1,1CA,8.0
2020-07-16,10:40:32.770,81,81,100,20,1,250,82,100,21,46.672040 -71.307723,62.8,26.46,35,16,0.58,-0.29,3.17,15.4,17.3,896,0,0,-175,-14,-480,-203,-58,-1024,1024,0,0,-1024,1024,-1,-1,-1,-1,1,-1,-1,-1,1CA,8.0
2020-07-16,10:40:33.880,85,85,100,17,1,250,81,100,22,46.671999 -71.307896,37.5,23.47,32,16,0.76,-0.35,2.37,15.0,18.2,901,0,0,-99,0,-451,-146,-58,-1024,1024,0,0,-1024,1024,-1,-1,-1,-1,1,-1,-1,-1,1CA,8.0
2020-07-16,10:40:34.980,81,81,100,22,1,250,90,100,13,46.671961 -71.307952,5.9,21.27,30,15,0.90,-0.22,1.70,15.1,21.4,907,0,0,0,-2,-336,8,-58,-1024,1024,0,0,-1024,1024,-1,-1,-1,-1,1,-1,-1,-1,1CA,8.0
2020-07-16,10:40:36.060,81,81,100,16,1,250,84,100,20,46.671988 -71.307909,31.7,3.68,27,16,0.91,-0.16,1.53,15.1,21.6,914,0,0,-114,-40,-385,-142,-59,-1024,1024,0,0,-1024,1024,-1,-1,-1,-1,1,-1,-1,-1,1CA,8.0
2020-07-16,10:40:37.150,78,78,100,23,1,250,82,100,20,46.672079 -71.307820,52.2,3.54,25,16,0.76,0.02,1.16,15.1,20.6,920,0,0,-358,-69,-354,-404,-58,-1024,1024,0,0,-1024,1024,-1,-1,-1,-1,1,-1,-1,-1,1CA,8.0
2020-07-16,10:40:38.240,85,85,100,10,1,250,87,100,16,46.672220 -71.307672,60.9,3.15,21,16,0.60,-0.16,-0.57,15.1,23.1,927,0,0,-205,-14,-347,-343,-58,-1024,1024,0,0,-1024,1024,-1,-1,-1,-1,1,-1,-1,-1,1CA,8.0
2020-07-16,10:40:39.350,83,83,100,18,1,250,87,100,16,46.672357 -71.307620,48.3,-30.38,20,16,0.78,-0.36,-1.87,15.0,35.8,936,0,0,-99,-5,-315,-61,-58,-1024,1024,0,0,-1024,1024,-1,-1,-1,-1,1,-1,-1,-1,1CA,8.0
2020-07-16,10:40:40.460,90,90,100,11,1,250,90,100,14,46.672419 -71.307686,23.5,28.88,22,16,0.77,-0.04,-2.38,15.0,26.1,944,0,0,-33,-5,-392,-6,-58,-1024,1024,0,0,-1024,1024,-1,-1,-1,-1,1,-1,-1,-1,1CA,8.0
2020-07-16,10:40:41.550,84,84,100,13,1,250,88,100,14,46.672376 -71.307772,37.5,21.56,24,16,0.75,0.00,-2.72,15.1,19.7,951,0,0,-2,-28,-363,2,-58,-1024,1024,0,0,-1024,1024,-1,-1,-1,-1,1,-1,-1,-1,1CA,8.0
2020-07-16,10:40:42.660,88,88,100,14,1,250,100,94,6,46.672253 -71.307847,50.3,19.54,26,16,0.69,0.01,-2.79,15.1,19.7,951,0,0,0,-26,-356,13,-58,-1024,1024,0,0,-1024,1024,-1,-1,-1,-1,1,-1,-1,-1,1CA,8.0
2020-07-16,10:40:43.760,83,83,100,19,1,250,90,100,15,46.672253 -71.307847,50.3,19.54,26,16,0.58,0.02,-2.88,15.1,24.7,964,0,0,16,0,-286,134,-58,-1024,1024,0,0,-1024,1024,-1,-1,-1,-1,1,-1,-1,-1,1CA,8.0
2020-07-16,10:40:44.880,74,74,100,29,1,250,78,98,23,46.671977 -71.307919,60.6,18.79,23,16,0.54,0.01,-2.58,15.1,24.7,964,0,0,212,0,-430,252,-59,-1024,1024,0,0,-1024,1024,-1,-1,-1,-1,1,-1,-1,-1,1CA,8.0
2020-07-16,10:40:45.980,67,67,100,37,1,250,71,100,34,46.671794 -71.307974,63.8,19.52,22,16,0.54,0.05,-1.84,15.1,15.8,976,0,0,147,0,-523,208,-58,-1024,1024,0,0,-1024,1024,-1,-1,-1,-1,1,-1,-1,-1,1CA,8.0
2020-07-16,10:40:47.090,66,66,100,37,1,250,73,100,31,46.671575 -71.308228,48.5,24.68,22,16,0.60,0.13,-1.20,15.2,12.7,980,0,0,190,0,-471,169,-58,-1024,1024,0,0,-1024,1024,-1,-1,-1,-1,1,-1,-1,-1,1CA,8.0
2020-07-16,10:40:48.190,70,70,100,32,1,250,68,100,32,46.671568 -71.308404,35.9,29.27,21,16,0.72,0.15,-0.63,15.1,15.0,984,0,0,145,0,-394,163,-58,-1024,1024,0,0,-1024,1024,-1,-1,-1,-1,1,-1,-1,-1,1CA,8.0
2020-07-16,10:40:49.280,57,57,100,42,2,250,67,97,33,46.671664 -71.308485,37.5,0.60,21,16,0.97,-0.11,0.58,15.0,27.3,994,0,0,9,141,-277,0,-58,-1024,1024,0,0,-1024,1024,-1,-1,-1,-1,1,-1,-1,-1,CA,8.0
2020-07-16,10:40:50.370,74,74,100,32,2,250,78,96,23,46.671775 -71.308421,58.5,3.16,20,16,0.90,-0.30,1.03,14.7,30.3,1006,0,0,114,-83,-216,210,-59,-1024,1024,0,0,-1024,1024,-1,-1,-1,-1,1,-1,-1,-1,CA,8.0
2020-07-16,10:40:51.460,89,89,100,12,1,250,90,97,5,46.671892 -71.308265,67.0,5.41,16,16,0.67,-0.14,1.25,14.8,30.4,1013,0,0,64,-104,-257,139,-58,-1024,1024,0,0,-1024,1024,-1,-1,-1,-1,1,-1,-1,-1,1CA,8.0
2020-07-16,10:40:52.560,89,89,100,13,1,250,89,100,13,46.671910 -71.308225,66.9,5.82,15,16,0.50,0.01,1.36,15.0,30.5,1019,0,0,100,-63,-320,115,-59,-1024,1024,0,0,-1024,1024,-1,-1,-1,-1,1,-1,-1,-1,1CA,8.0
2020-07-16,10:40:53.660,86,86,100,15,1,250,91,98,11,46.671967 -71.308005,62.2,8.07,12,16,0.33,0.21,1.72,15.0,30.5,1019,0,0,4,30,-315,-31,-59,-1024,1024,0,0,-1024,1024,-1,-1,-1,-1,1,-1,-1,-1,0x000000000000014A,8.0
2020-07-16,10:40:54.780,93,93,98,7,1,250,91,98,15,46.671958 -71.307802,49.6,10.62,13,16,0.33,0.23,1.95,15.0,30.5,1019,0,0,570,2,-687,510,-59,-1024,1024,0,0,-1024,1024,-1,-1,-1,-1,1,-1,-1,-1,1CA,8.0
2020-07-16,10:40:55.880,78,78,98,25,1,250,80,100,24,46.671906 -71.307657,42.8,12.95,17,16,0.74,0.17,-2.94,15.0,31.0,1041,0,0,2,2,-396,-58,-58,-1024,1024,0,0,-1024,1024,-1,-1,-1,-1,1,-1,-1,-1,1CA,8.0
2020-07-16,10:40:57.000,72,72,100,26,1,250,76,100,28,46.671824 -71.307570,20.8,17.77,21,16,0.74,0.54,-2.97,15.0,19.7,1047,0,0,0,2,-550,-135,-58,-1024,1024,0,0,-1024,1024,-1,-1,-1,-1,1,-1,-1,-1,1CA,8.0
2020-07-16,10:40:58.110,73,73,100,30,1,250,77,100,24,46.671803 -71.307813,45.4,27.02,23,16,0.72,0.33,-2.82,15.1,10.8,1050,0,0,-53,0,-588,-6,-59,-1024,1024,0,0,-1024,1024,-1,-1,-1,-1,1,-1,-1,-1,1CA,8.0
2020-07-16,10:40:59.210,78,78,100,20,1,250,82,100,20,46.671797 -71.307991,53.0,26.34,20,16,0.71,0.06,-2.77,15.1,9.3,1053,0,0,-381,0,-392,-388,-58,-1024,1024,0,0,-1024,1024,-1,-1,-1,-1,1,-1,-1,-1,1CA,8.0
2020-07-16,10:41:00.320,71,71,100,31,1,250,73,100,29,46.671767 -71.308182,51.2,24.53,18,16,0.57,0.15,-3.08,15.0,23.4,1058,0,0,-50,0,92,-99,-58,-1024,1024,0,0,-1024,1024,-1,-1,-1,-1,1,-1,-1,-1,9CA,8.0
2020-07-16,10:41:01.440,72,72,100,28,1,250,77,100,25,46.671704 -71.308231,30.2,12.53,19,16,0.68,-0.57,2.32,14.8,68.5,1073,0,0,-50,0,190,0,-59,-1024,1024,0,0,-1024,1024,-1,-1,-1,-1,1,-1,-1,-1,9CA,8.0
2020-07-16,10:41:02.550,64,64,100,23,1,250,66,100,36,46.671680 -71.307996,77.1,8.82,25,16,0.86,-0.71,2.29,14.4,75.5,1094,0,0,-121,0,274,-20,-59,-1024,1024,0,0,-1024,1024,-1,-1,-1,-1,1,-1,-1,-1,0x000000000000098E,8.0
2020-07-16,10:41:03.650,65,65,100,39,1,250,69,100,32,46.671717 -71.307695,93.1,6.95,27,16,0.90,-0.14,1.17,14.3,80.8,1115,0,0,-2,-46,320,2,-58,-1024,1024,0,0,-1024,1024,-1,-1,-1,-1,1,-1,-1,-1,0x000000000000098E,8.0
2020-07-16,10:41:04.740,70,70,100,31,1,250,75,100,26,46.671826 -71.307372,101.9,6.02,30,16,0.90,-0.14,1.17,14.2,87.6,1141,0,0,2,0,128,4,-59,-1024,1024,0,0,-1024,1024,-1,-1,-1,-1,1,-1,-1,-1,0x000000000000098E,8.0
2020-07-16,10:41:05.830,76,76,100,26,1,250,81,100,23,46.671961 -71.307061,97.1,5.57,33,16,0.78,0.00,1.06,14.3,61.4,1164,0,0,200,-49,67,150,-59,-1024,1024,0,0,-1024,1024,-1,-1,-1,-1,1,-1,-1,-1,0x000000000000099E,8.0
2020-07-16,10:41:06.830,80,80,100,23,1,250,85,100,18,46.672126 -71.306717,94.4,5.67,36,16,0.63,0.12,1.38,14.4,75.1,1184,0,0,54,-54,73,260,-59,-1024,1024,0,0,-1024,1024,-1,-1,-1,-1,1,-1,-1,-1,9AE,8.0
2020-07-16,10:41:07.930,79,79,100,19,1,250,83,100,18,46.672221 -71.306425,82.2,7.82,41,16,0.54,0.55,1.55,14.3,76.2,1204,0,0,16,-26,190,145,-59,-1024,1024,0,0,-1024,1024,-1,-1,-1,-1,1,-1,-1,-1,9AE,8.0
2020-07-16,10:41:08.940,79,79,100,20,1,250,84,98,19,46.672221 -71.306425,82.2,7.82,41,16,0.54,0.55,1.55,14.2,71.4,1223,0,0,40,-63,175,134,-58,-1024,1024,0,0,-1024,1024,-1,-1,-1,-1,1,-1,-1,-1,9AE,8.0
2020-07-16,10:41:09.950,79,79,100,21,1,250,81,100,22,46.672025 -71.305912,89.7,15.31,60,15,0.54,0.55,1.55,14.3,71.4,1244,0,0,16,-161,259,21,-58,-1024,1024,0,0,-1024,1024,-1,-1,-1,-1,1,-1,-1,-1,9AE,8.0
2020-07-16,10:41:11.060,76,76,100,24,1,250,79,100,26,46.672025 -71.305912,89.7,15.31,60,15,0.44,0.93,2.20,14.3,83.7,1268,0,0,107,-63,263,106,-59,-1024,1024,0,0,-1024,1024,-1,-1,-1,-1,1,-1,-1,-1,9AE,8.0
2020-07-16,10:41:12.160,70,70,100,19,1,250,73,100,29,46.671545 -71.305863,102.8,19.78,74,15,0.46,1.00,3.13,14.4,87.4,1292,0,0,31,-57,365,28,-58,-1024,1024,0,0,-1024,1024,-1,-1,-1,-1,1,-1,-1,-1,9AE,7.9
2020-07-16,10:41:13.270,68,68,100,34,1,250,71,100,34,46.671545 -71.305863,102.8,19.78,74,15,0.48,1.04,-3.07,14.1,88.4,1317,0,0,57,-78,73,4,-58,-1024,1024,0,0,-1024,1024,-1,-1,-1,-1,1,-1,-1,-1,9AE,7.9
2020-07-16,10:41:14.370,68,68,100,21,1,250,71,100,30,46.671069 -71.306432,118.8,23.49,86,15,0.59,0.86,-2.67,13.9,68.9,1342,0,0,76,-34,27,2,-59,-1024,1024,0,0,-1024,1024,-1,-1,-1,-1,1,-1,-1,-1,9AE,7.9
2020-07-16,10:41:15.470,67,67,100,33,1,250,69,100,33,46.670921 -71.306796,115.0,24.41,88,15,0.79,0.43,-2.24,13.9,68.9,1342,0,0,121,126,152,-2,-59,-1024,1024,0,0,-1024,1024,-1,-1,-1,-1,1,-1,-1,-1,9AE,7.9
2020-07-16,10:41:16.580,62,62,100,31,1,250,65,100,37,46.670811 -71.307167,108.6,24.81,89,15,1.08,-0.06,-1.67,14.6,47.6,1373,0,0,38,-11,116,6,-58,-1024,1024,0,0,-1024,1024,-1,-1,-1,-1,1,-1,-1,-1,9AA,7.9
2020-07-16,10:41:17.670,63,63,100,39,1,250,67,100,36,46.670691 -71.307621,113.1,24.98,90,15,1.02,-0.26,-1.51,14.6,47.6,1373,0,0,9,0,257,8,-58,-1024,1024,0,0,-1024,1024,-1,-1,-1,-1,1,-1,-1,-1,9AA,7.9
2020-07-16,10:41:18.760,65,65,100,34,1,250,70,100,32,46.670594 -71.308018,119.9,25.11,89,15,1.02,-0.26,-1.51,14.2,73.7,1409,0,0,85,-109,194,50,-59,-1024,1024,0,0,-1024,1024,-1,-1,-1,-1,1,-1,-1,-1,9AE,7.9
2020-07-16,10:41:19.870,73,73,100,24,1,250,78,100,23,46.670481 -71.308525,120.0,25.34,91,15,0.51,-0.16,-1.60,14.0,66.0,1454,0,0,7,20,139,41,-59,-1024,1024,0,0,-1024,1024,-1,-1,-1,-1,1,-1,-1,-1,9AE,7.9
2020-07-16,10:41:20.880,79,79,100,13,1,250,83,100,19,46.670415 -71.308923,105.4,25.98,99,15,0.51,-0.16,-1.60,14.0,66.0,1454,0,0,33,45,16,15,-58,-1024,1024,0,0,-1024,1024,-1,-1,-1,-1,1,-1,-1,-1,9AE,7.9
2020-07-16,10:41:21.880,81,81,100,24,1,250,92,98,14,46.670382 -71.309288,97.3,26.50,109,15,0.62,-0.15,-1.60,14.0,66.0,1454,0,0,4,80,40,2,-59,-1024,1024,0,0,-1024,1024,-1,-1,-1,-1,1,-1,-1,-1,9AE,7.9
2020-07-16,10:41:22.990,87,87,100,12,1,250,85,100,16,46.670382 -71.309288,97.3,26.50,109,15,0.62,-0.15,-1.60,14.2,47.2,1487,0,0,4,22,-119,0,-59,-1024,1024,0,0,-1024,1024,-1,-1,-1,-1,1,-1,-1,-1,1AE,7.9
2020-07-16,10:41:24.100,79,79,100,24,1,250,80,100,22,46.670392 -71.310049,96.8,27.41,126,15,0.91,-0.20,-1.60,14.5,35.7,1510,0,0,4,2,-96,2,-59,-1024,1024,0,0,-1024,1024,-1,-1,-1,-1,1,-1,-1,-1,1AE,7.9
2020-07-16,10:41:25.210,74,74,100,25,1,250,78,100,25,46.670392 -71.310049,96.8,27.41,126,15,0.91,-0.20,-1.60,14.4,40.1,1522,0,0,-5,-26,-275,2,-59,-1024,1024,0,0,-1024,1024,-1,-1,-1,-1,1,-1,-1,-1,1AE,7.9
2020-07-16,10:41:26.320,85,85,100,19,1,250,84,100,18,46.670431 -71.310773,102.0,27.41,128,15,0.89,-0.15,-1.73,14.5,20.3,1528,0,0,-53,-98,-356,-83,-58,-1024,1024,0,0,-1024,1024,-1,-1,-1,-1,1,-1,-1,-1,1AE,7.9
2020-07-16,10:41:27.420,84,84,100,18,1,250,82,98,23,46.670431 -71.310773,102.0,27.41,128,15,0.89,-0.15,-1.73,14.7,17.9,1534,0,0,-40,-17,-403,-74,-59,-1024,1024,0,0,-1024,1024,-1,-1,-1,-1,1,-1,-1,-1,1CA,7.9
2020-07-16,10:41:28.520,72,72,100,26,1,250,76,100,28,46.670458 -71.311466,90.9,27.12,119,15,0.66,-0.23,-2.04,14.8,16.1,1539,0,0,-99,-63,-502,-122,-58,-1024,1024,0,0,-1024,1024,-1,-1,-1,-1,1,-1,-1,-1,1CA,7.9
2020-07-16,10:41:29.520,73,73,100,16,1,250,77,100,25,46.670458 -71.311466,90.9,27.12,119,15,0.56,-0.21,-2.55,14.8,16.3,1544,0,0,-104,-49,-482,-128,-59,-1024,1024,0,0,-1024,1024,-1,-1,-1,-1,1,-1,-1,-1,1CA,7.9
2020-07-16,10:41:30.530,78,78,100,4,1,250,85,100,19,46.670383 -71.312189,75.0,24.51,107,15,0.53,-0.29,-2.91,14.8,17.3,1548,0,0,-106,-46,-381,-124,-58,-1024,1024,0,0,-1024,1024,-1,-1,-1,-1,1,-1,-1,-1,1CA,7.9
2020-07-16,10:41:31.540,91,91,100,10,1,250,93,100,10,46.670383 -71.312189,75.0,24.51,107,15,0.55,-0.36,3.21,14.7,25.3,1555,0,0,-101,0,-270,-115,-59,-1024,1024,0,0,-1024,1024,-1,-1,-1,-1,1,-1,-1,-1,1CA,7.9
2020-07-16,10:41:32.550,87,87,100,13,1,250,89,100,16,46.670178 -71.312481,43.4,19.05,105,15,0.63,-0.50,2.97,14.7,25.3,1555,0,0,-20,0,-248,2,-58,-1024,1024,0,0,-1024,1024,-1,-1,-1,-1,1,-1,-1,-1,1CA,7.9
2020-07-16,10:41:33.550,84,84,100,16,1,250,86,100,17,46.670085 -71.312447,39.0,14.31,105,15,0.71,-0.31,2.59,14.7,25.3,1555,0,0,-27,-26,-212,-38,-58,-1024,1024,0,0,-1024,1024,-1,-1,-1,-1,1,-1,-1,-1,1CA,7.9
2020-07-16,10:41:34.550,82,82,100,21,1,250,83,100,21,46.670010 -71.312293,49.2,11.20,104,15,0.66,-0.24,2.27,14.5,28.9,1573,0,0,-2,0,-178,-24,-59,-1024,1024,0,0,-1024,1024,-1,-1,-1,-1,1,-1,-1,-1,0x000000000000018E,7.9
2020-07-16,10:41:35.660,78,78,100,22,1,250,80,100,23,46.669976 -71.312104,57.9,9.55,102,15,0.64,-0.29,2.08,14.5,28.9,1573,0,0,0,2,-198,-20,-58,-1024,1024,0,0,-1024,1024,-1,-1,-1,-1,1,-1,-1,-1,0x000000000000018E,8.0
2020-07-16,10:41:36.660,77,77,100,6,1,250,79,100,25,46.669978 -71.311880,64.2,8.32,99,15,0.64,-0.29,2.08,14.6,31.1,1592,0,0,-20,0,-173,2,-58,-1024,1024,0,0,-1024,1024,-1,-1,-1,-1,1,-1,-1,-1,0x000000000000018A,8.0
2020-07-16,10:41:37.660,76,76,98,25,1,250,78,100,24,46.669978 -71.311880,64.2,8.32,99,15,0.68,-0.30,1.81,14.6,31.1,1592,0,0,-2,0,-153,2,-58,-1024,1024,0,0,-1024,1024,-1,-1,-1,-1,1,-1,-1,-1,0x000000000000018A,8.0
2020-07-16,10:41:38.660,75,75,100,25,1,250,78,100,26,46.670055 -71.311353,70.5,7.47,91,15,0.68,-0.30,1.81,14.7,35.1,1614,0,0,-5,0,-130,2,-59,-1024,1024,0,0,-1024,1024,-1,-1,-1,-1,1,-1,-1,-1,1CA,8.0
2020-07-16,10:41:39.770,73,73,100,29,1,250,76,100,27,46.670116 -71.311055,72.8,7.27,87,15,0.74,-0.31,1.61,14.7,35.1,1614,0,0,-25,-14,-205,-2,-59,-1024,1024,0,0,-1024,1024,-1,-1,-1,-1,1,-1,-1,-1,1CA,8.0
2020-07-16,10:41:40.870,73,73,100,30,1,250,76,100,29,46.670116 -71.311055,72.8,7.27,87,15,0.74,-0.31,1.61,14.7,30.3,1633,0,0,-20,-5,-200,2,-59,-1024,1024,0,0,-1024,1024,-1,-1,-1,-1,1,-1,-1,-1,1CA,8.0
2020-07-16,10:41:41.960,72,72,100,29,1,250,74,100,28,46.670219 -71.310553,72.6,7.29,76,15,0.78,-0.23,1.35,14.7,30.3,1633,0,0,-12,-2,-196,2,-59,-1024,1024,0,0,-1024,1024,-1,-1,-1,-1,1,-1,-1,-1,1CA,8.0
2020-07-16,10:41:43.050,71,71,100,30,1,250,74,100,30,46.670219 -71.310553,72.6,7.29,76,15,0.78,-0.23,1.35,14.4,31.0,1652,0,0,-40,-20,-60,2,-59,-1024,1024,0,0,-1024,1024,-1,-1,-1,-1,1,-1,-1,-1,0x000000000000018E,8.0
2020-07-16,10:41:44.130,72,72,100,27,1,250,76,100,28,46.670335 -71.310041,78.2,7.01,67,15,0.77,-0.09,1.15,14.5,41.9,1663,0,0,-17,-2,-99,4,-59,-1024,1024,0,0,-1024,1024,-1,-1,-1,-1,1,-1,-1,-1,0x000000000000018E,8.0
2020-07-16,10:41:45.220,77,77,100,26,1,250,82,100,18,46.670335 -71.310041,78.2,7.01,67,15,0.77,-0.09,1.15,14.6,40.3,1675,0,0,-2,0,-96,6,-59,-1024,1024,0,0,-1024,1024,-1,-1,-1,-1,1,-1,-1,-1,0x000000000000018A,8.0
2020-07-16,10:41:46.310,83,83,100,17,1,250,82,100,17,46.670504 -71.309456,79.6,6.66,61,15,0.79,-0.09,1.14,14.1,39.0,1698,0,0,-2,-2,-96,4,-58,-1024,1024,0,0,-1024,1024,-1,-1,-1,-1,1,-1,-1,-1,0x000000000000018E,8.0
2020-07-16,10:41:47.410,71,71,100,32,1,250,74,100,30,46.670504 -71.309456,79.6,6.66,61,15,0.79,-0.12,1.17,14.4,40.5,1710,0,0,-25,0,-103,2,-58,-1024,1024,0,0,-1024,1024,-1,-1,-1,-1,1,-1,-1,-1,0x000000000000018E,8.0
2020-07-16,10:41:48.510,61,61,100,39,2,250,62,100,39,46.670726 -71.308637,82.5,6.87,57,16,0.81,-0.06,1.10,14.3,38.2,1725,0,0,-2,-2,-101,2,-59,-1024,1024,0,0,-1024,1024,-1,-1,-1,-1,1,-1,-1,-1,0x000000000000008E,8.0
2020-07-16,10:41:49.620,50,50,100,38,2,250,56,100,44,46.670823 -71.308305,83.5,6.66,56,16,0.82,-0.06,1.12,14.5,37.8,1738,0,0,0,0,-117,2,-59,-1024,1024,0,0,-1024,1024,-1,-1,-1,-1,1,-1,-1,-1,AE,8.0
2020-07-16,10:41:50.720,49,49,100,48,2,250,55,100,45,46.670921 -71.307983,77.7,6.57,55,16,0.84,-0.06,1.12,14.5,37.0,1749,0,0,-5,-2,-106,2,-59,-1024,1024,0,0,-1024,1024,-1,-1,-1,-1,1,-1,-1,-1,AE,8.0
2020-07-16,10:41:51.820,54,54,100,40,2,250,60,100,40,46.671001 -71.307736,72.1,6.37,52,16,0.80,0.09,0.85,14.6,25.5,1758,0,0,-25,-49,-257,-31,-58,-1024,1024,0,0,-1024,1024,-1,-1,-1,-1,1,-1,-1,-1,0x000000000000008A,8.0
2020-07-16,10:41:52.920,57,57,100,41,2,250,63,100,37,46.671104 -71.307469,69.3,5.83,48,16,0.68,0.13,0.80,14.5,29.5,1766,0,0,-30,-14,-263,0,-59,-1024,1024,0,0,-1024,1024,-1,-1,-1,-1,1,-1,-1,-1,0x000000000000008E,8.0
2020-07-16,10:41:54.020,54,54,100,45,2,250,61,100,38,46.671199 -71.307266,65.7,5.49,45,16,0.68,0.18,0.74,14.6,27.4,1775,0,0,-25,-2,-281,-47,-59,-1024,1024,0,0,-1024,1024,-1,-1,-1,-1,1,-1,-1,-1,0x000000000000008A,8.0
2020-07-16,10:41:55.120,56,56,100,43,2,250,64,100,34,46.671317 -71.307042,64.1,4.94,43,16,0.67,0.18,0.65,14.5,28.2,1783,0,0,-33,-2,-268,-38,-58,-1024,1024,0,0,-1024,1024,-1,-1,-1,-1,1,-1,-1,-1,0x000000000000008E,8.0
2020-07-16,10:41:56.220,62,62,100,39,2,250,72,100,27,46.671429 -71.306879,62.9,4.10,42,16,0.65,0.17,0.52,14.5,21.0,1791,0,0,-71,0,-358,-117,-59,-1024,1024,0,0,-1024,1024,-1,-1,-1,-1,1,-1,-1,-1,0x000000000000008E,8.0
2020-07-16,10:41:57.330,81,81,100,20,1,250,97,95,9,46.671527 -71.306769,61.7,3.17,41,16,0.58,0.14,0.17,14.5,17.4,1796,0,0,-101,0,-442,-207,-58,-1024,1024,0,0,-1024,1024,-1,-1,-1,-1,1,-1,-1,-1,0x000000000000018E,8.0
2020-07-16,10:41:58.430,88,88,100,11,1,250,95,99,12,46.671527 -71.306769,61.7,3.17,41,16,0.58,0.14,0.17,14.7,19.0,1799,0,0,-190,-92,-428,-375,-58,-1024,1024,0,0,-1024,1024,-1,-1,-1,-1,1,-1,-1,-1,1CA,8.0
2020-07-16,10:41:59.540,90,90,100,13,1,250,91,100,11,46.671527 -71.306769,61.7,3.17,41,16,0.58,0.14,0.17,14.6,23.8,1805,0,0,-2,-83,-466,-65,-58,-1024,1024,0,0,-1024,1024,-1,-1,-1,-1,1,-1,-1,-1,0x000000000000018A,8.0
2020-07-16,10:42:00.660,84,84,100,19,1,250,89,100,16,46.671842 -71.306736,60.9,32.27,35,16,0.51,-0.30,-1.15,14.7,20.2,1811,0,0,-94,-104,-500,-72,-59,-1024,1024,0,0,-1024,1024,-1,-1,-1,-1,1,-1,-1,-1,1CA,8.0
2020-07-16,10:42:01.660,85,85,100,16,1,250,90,100,13,46.671842 -71.306736,60.9,32.27,35,16,0.51,-0.30,-1.15,14.6,14.0,1815,0,0,-76,0,-336,-203,-58,-1024,1024,0,0,-1024,1024,-1,-1,-1,-1,1,-1,-1,-1,0x000000000000018A,8.0
2020-07-16,10:42:02.660,80,80,100,17,1,250,84,100,20,46.671991 -71.307189,65.7,27.62,29,16,0.21,-0.54,-1.91,14.5,25.3,1822,0,0,-7,-2,-367,4,-58,-1024,1024,0,0,-1024,1024,-1,-1,-1,-1,1,-1,-1,-1,0x000000000000018E,8.0
2020-07-16,10:42:03.660,77,77,100,24,1,250,80,100,24,46.671991 -71.307189,65.7,27.62,29,16,0.27,-0.63,-2.02,14.6,22.8,1828,0,0,-5,0,-345,65,-58,-1024,1024,0,0,-1024,1024,-1,-1,-1,-1,1,-1,-1,-1,0x000000000000018A,8.0
2020-07-16,10:42:04.660,77,77,100,26,1,250,78,100,26,46.671877 -71.307652,64.4,22.94,27,16,0.32,-0.34,-2.18,14.6,23.1,1835,0,0,-10,0,-428,-22,-59,-1024,1024,0,0,-1024,1024,-1,-1,-1,-1,1,-1,-1,-1,0x000000000000018A,8.0
2020-07-16,10:42:05.770,76,76,100,21,1,250,96,100,14,46.671877 -71.307652,64.4,22.94,27,16,0.34,-0.31,-2.27,14.4,18.8,1840,0,0,-43,0,-383,-51,-59,-1024,1024,0,0,-1024,1024,-1,-1,-1,-1,1,-1,-1,-1,0x000000000000018E,8.0
2020-07-16,10:42:06.770,67,67,100,36,1,250,69,100,37,46.671655 -71.308005,67.2,22.73,27,16,0.38,-0.32,-2.43,14.4,18.8,1840,0,0,-30,-8,-374,-18,-59,-1024,1024,0,0,-1024,1024,-1,-1,-1,-1,1,-1,-1,-1,0x000000000000018E,8.0
2020-07-16,10:42:07.880,63,63,100,36,1,250,72,100,25,46.671537 -71.308181,68.2,22.36,27,16,0.44,-0.27,-2.60,14.5,19.1,1852,0,0,-27,-34,-374,-65,-59,-1024,1024,0,0,-1024,1024,-1,-1,-1,-1,1,-1,-1,-1,0x000000000000018E,8.0
2020-07-16,10:42:08.880,69,69,100,34,1,250,72,100,32,46.671409 -71.308343,67.8,21.96,26,16,0.45,-0.30,-2.72,14.5,19.1,1852,0,0,-2,-17,-376,-31,-58,-1024,1024,0,0,-1024,1024,-1,-1,-1,-1,1,-1,-1,-1,0x000000000000018E,8.0
2020-07-16,10:42:09.890,41,41,100,58,2,250,48,100,50,46.671107 -71.308633,64.0,20.66,24,16,0.46,-0.30,-2.82,14.6,21.8,1867,0,0,0,0,-345,6,-59,-1024,1024,0,0,-1024,1024,-1,-1,-1,-1,1,-1,-1,-1,0x000000000000008A,8.0
2020-07-16,10:42:10.890,43,43,100,52,2,250,50,100,50,46.670932 -71.308747,64.0,20.38,22,16,0.47,-0.13,-2.84,14.5,22.2,1872,0,0,2,0,-369,132,-58,-1024,1024,0,0,-1024,1024,-1,-1,-1,-1,1,-1,-1,-1,0x000000000000008E,8.0
2020-07-16,10:42:11.890,46,46,100,51,2,250,53,98,48,46.670817 -71.308830,64.1,20.96,22,16,0.42,0.05,-2.71,14.6,23.3,1879,0,0,21,-14,-336,76,-59,-1024,1024,0,0,-1024,1024,-1,-1,-1,-1,1,-1,-1,-1,0x000000000000008A,8.0
2020-07-16,10:42:12.890,53,53,100,53,2,250,58,100,42,46.670686 -71.308958,62.1,21.81,22,16,0.39,0.01,-2.66,14.5,18.3,1883,0,0,52,-2,-405,6,-58,-1024,1024,0,0,-1024,1024,-1,-1,-1,-1,1,-1,-1,-1,0x000000000000008E,8.0
2020-07-16,10:42:14.010,75,75,100,28,1,250,81,94,14,46.670552 -71.309133,57.8,22.82,24,16,0.39,-0.05,-2.06,14.5,11.7,1888,0,0,307,2,-489,160,-59,-1024,1024,0,0,-1024,1024,-1,-1,-1,-1,1,-1,-1,-1,0x000000000000018E,8.0
2020-07-16,10:42:15.120,81,81,100,22,1,250,80,92,24,46.670552 -71.309133,57.8,22.82,24,16,0.39,-0.05,-2.06,14.5,11.7,1888,0,0,176,2,-550,93,-58,-1024,1024,0,0,-1024,1024,-1,-1,-1,-1,1,-1,-1,-1,0x000000000000018E,8.0
2020-07-16,10:42:16.230,92,92,100,10,1,250,90,100,17,46.670468 -71.309318,42.7,24.63,26,16,0.26,-0.01,-0.84,14.8,11.3,1895,0,0,59,0,-584,110,-59,-1024,1024,0,0,-1024,1024,-1,-1,-1,-1,1,-1,-1,-1,1CA,8.0
2020-07-16,10:42:17.320,84,84,98,15,1,250,81,100,21,46.670468 -71.309318,42.7,24.63,26,16,0.26,-0.01,-0.84,14.7,10.2,1898,0,0,73,0,-545,82,-59,-1024,1024,0,0,-1024,1024,-1,-1,-1,-1,1,-1,-1,-1,1CA,8.0
2020-07-16,10:42:18.400,74,74,100,28,1,250,75,100,28,46.670449 -71.309525,18.5,28.54,28,16,0.20,0.17,-0.76,14.8,11.4,1901,0,0,69,-52,-514,52,-59,-1024,1024,0,0,-1024,1024,-1,-1,-1,-1,1,-1,-1,-1,1CA,8.0
2020-07-16,10:42:19.500,69,69,100,30,1,250,73,100,28,46.670449 -71.309525,18.5,28.54,28,16,0.20,0.17,-0.76,14.8,15.9,1905,0,0,119,-63,-396,15,-58,-1024,1024,0,0,-1024,1024,-1,-1,-1,-1,1,-1,-1,-1,1CA,8.0
2020-07-16,10:42:20.590,76,76,100,25,1,250,87,100,16,46.670516 -71.309558,18.5,2.81,23,16,0.09,0.27,0.14,14.8,22.0,1911,0,0,233,-23,-396,189,-59,-1024,1024,0,0,-1024,1024,-1,-1,-1,-1,1,-1,-1,-1,1CA,8.0
2020-07-16,10:42:21.700,68,68,100,31,1,250,71,100,31,46.670516 -71.309558,18.5,2.81,23,16,0.42,0.50,1.15,14.5,15.9,1917,0,0,355,-2,-464,308,-59,-1024,1024,0,0,-1024,1024,-1,-1,-1,-1,1,-1,-1,-1,0x000000000000018E,8.0
2020-07-16,10:42:22.810,77,77,100,22,1,250,82,100,22,46.670548 -71.309369,29.1,11.18,24,16,0.57,-0.12,-3.12,14.6,17.8,1921,0,0,245,0,-424,223,-59,-1024,1024,0,0,-1024,1024,-1,-1,-1,-1,1,-1,-1,-1,0x000000000000018A,8.0
2020-07-16,10:42:23.920,93,93,100,8,1,250,80,100,22,46.670505 -71.309301,20.2,14.89,25,16,0.47,-0.05,-1.90,14.5,17.7,1927,0,0,-53,5,-478,-61,-58,-1024,1024,0,0,-1024,1024,-1,-1,-1,-1,1,-1,-1,-1,0x000000000000018E,8.0
2020-07-16,10:42:25.020,80,80,100,23,1,250,78,100,24,46.670475 -71.309304,7.2,23.12,27,16,0.44,-0.09,-2.06,14.5,17.7,1927,0,0,217,2,-345,204,-58,-1024,1024,0,0,-1024,1024,-1,-1,-1,-1,1,-1,-1,-1,0x000000000000018E,8.0
2020-07-16,10:42:26.130,74,74,100,27,1,250,70,100,32,46.670484 -71.309349,17.5,28.91,30,16,0.45,-0.04,-2.13,14.3,29.7,1937,0,0,174,20,14,328,-59,-1024,1024,0,0,-1024,1024,-1,-1,-1,-1,1,-1,-1,-1,0x000000000000098E,8.0
2020-07-16,10:42:27.130,63,63,100,36,1,250,68,100,32,46.670509 -71.309431,34.4,30.74,33,16,0.57,0.28,-1.36,14.3,29.7,1937,0,0,7,2,204,4,-59,-1024,1024,0,0,-1024,1024,-1,-1,-1,-1,1,-1,-1,-1,0x000000000000098E,8.0
2020-07-16,10:42:28.240,69,69,100,33,1,250,79,100,24,46.670598 -71.309506,47.6,-30.17,42,16,1.18,0.82,-0.52,14.2,32.5,1974,0,0,4,-225,219,-31,-59,-1024,1024,0,0,-1024,1024,-1,-1,-1,-1,1,-1,-1,-1,9AE,8.0
2020-07-16,10:42:29.330,69,69,100,33,1,250,66,100,36,46.670716 -71.309401,61.0,4.86,48,16,1.18,0.82,-0.52,14.2,32.5,1974,0,0,4,-75,-15,-81,-58,-1024,1024,0,0,-1024,1024,-1,-1,-1,-1,1,-1,-1,-1,1AE,8.0
2020-07-16,10:42:30.420,63,63,100,40,1,250,66,100,36,46.670834 -71.309125,82.9,6.23,45,16,0.74,0.02,0.32,14.2,50.7,2006,0,0,4,-14,242,4,-59,-1024,1024,0,0,-1024,1024,-1,-1,-1,-1,1,-1,-1,-1,9AE,8.0
2020-07-16,10:42:31.520,68,68,100,33,1,250,64,100,37,46.671086 -71.308607,91.7,4.92,38,16,0.74,0.02,0.32,14.2,50.7,2006,0,0,4,0,90,6,-59,-1024,1024,0,0,-1024,1024,-1,-1,-1,-1,1,-1,-1,-1,9AE,7.9
2020-07-16,10:42:32.610,67,67,100,34,1,250,69,100,36,46.671086 -71.308607,91.7,4.92,38,16,0.68,-0.01,0.52,13.9,53.6,2044,0,0,14,0,181,6,-59,-1024,1024,0,0,-1024,1024,-1,-1,-1,-1,1,-1,-1,-1,9AE,7.9
2020-07-16,10:42:33.610,52,52,100,56,2,250,57,100,42,46.671478 -71.307997,88.8,4.61,43,16,0.72,-0.01,0.67,13.9,55.3,2078,0,0,11,0,-45,26,-58,-1024,1024,0,0,-1024,1024,-1,-1,-1,-1,1,-1,-1,-1,AE,7.9
2020-07-16,10:42:34.710,67,67,100,37,2,250,74,100,26,46.671595 -71.307824,74.7,4.48,44,16,0.70,0.00,0.70,14.4,5.3,2081,0,0,4,-60,-660,6,-58,-1024,1024,0,0,-1024,1024,-1,-1,-1,-1,1,-1,-1,-1,AE,7.9
2020-07-16,10:42:35.800,60,60,100,35,2,250,67,100,34,46.671758 -71.307583,63.6,4.78,35,16,0.43,0.02,0.73,14.5,16.2,2084,0,0,14,-52,-455,63,-58,-1024,1024,0,0,-1024,1024,-1,-1,-1,-1,1,-1,-1,-1,AE,7.9
2020-07-16,10:42:36.800,65,65,100,35,2,250,73,100,28,46.671861 -71.307405,63.4,5.31,31,16,0.32,0.15,0.96,14.4,19.1,2089,0,0,176,-57,-327,134,-59,-1024,1024,0,0,-1024,1024,-1,-1,-1,-1,1,-1,-1,-1,AE,7.9
2020-07-16,10:42:37.920,76,76,100,28,2,250,83,93,16,46.671935 -71.307218,54.5,7.14,30,15,0.37,0.20,1.68,14.2,29.5,2099,0,0,169,-2,-374,136,-59,-1024,1024,0,0,-1024,1024,-1,-1,-1,-1,1,-1,-1,-1,AE,7.9
2020-07-16,10:42:38.920,84,84,100,18,1,250,88,95,14,46.671942 -71.307181,51.9,7.57,30,16,0.40,0.23,1.77,14.2,29.5,2099,0,0,131,0,-489,128,-59,-1024,1024,0,0,-1024,1024,-1,-1,-1,-1,1,-1,-1,-1,1AE,7.9
2020-07-16,10:42:39.930,86,86,100,9,1,250,89,100,15,46.671948 -71.307048,40.2,9.92,33,15,0.51,0.20,2.40,14.6,15.7,2106,0,0,7,2,-376,4,-59,-1024,1024,0,0,-1024,1024,-1,-1,-1,-1,1,-1,-1,-1,1AA,7.9
2020-07-16,10:42:40.930,85,85,100,16,1,250,88,100,14,46.671909 -71.306938,31.4,13.85,36,16,0.51,0.20,2.40,14.6,15.7,2106,0,0,116,2,-512,6,-58,-1024,1024,0,0,-1024,1024,-1,-1,-1,-1,1,-1,-1,-1,1AA,7.9
2020-07-16,10:42:42.040,82,82,100,19,1,250,87,100,18,46.671831 -71.306896,36.7,17.47,37,16,0.57,0.03,2.96,14.4,10.8,2115,0,0,69,7,-516,28,-59,-1024,1024,0,0,-1024,1024,-1,-1,-1,-1,1,-1,-1,-1,1AE,7.9
2020-07-16,10:42:43.140,87,87,100,7,1,250,87,100,16,46.671710 -71.306909,44.0,19.07,36,16,0.57,0.03,2.96,14.4,10.8,2115,0,0,45,0,-512,56,-58,-1024,1024,0,0,-1024,1024,-1,-1,-1,-1,1,-1,-1,-1,1AE,7.9
2020-07-16,10:42:44.250,73,73,100,24,1,250,74,100,29,46.671596 -71.306956,51.4,20.06,31,16,0.58,-0.08,-3.01,14.5,12.9,2122,0,0,38,-28,-475,15,-59,-1024,1024,0,0,-1024,1024,-1,-1,-1,-1,1,-1,-1,-1,1AE,7.9
2020-07-16,10:42:45.370,66,66,100,37,1,250,68,100,31,46.671596 -71.306956,51.4,20.06,31,16,0.58,-0.08,-3.01,14.5,12.9,2122,0,0,40,-37,-453,19,-59,-1024,1024,0,0,-1024,1024,-1,-1,-1,-1,1,-1,-1,-1,1AE,7.9
2020-07-16,10:42:46.370,61,61,100,40,2,250,61,100,40,46.671168 -71.307398,66.0,22.79,16,16,0.30,-0.12,-2.57,14.5,13.0,2133,0,0,26,0,-509,19,-58,-1024,1024,0,0,-1024,1024,-1,-1,-1,-1,1,-1,-1,-1,AE,7.9
2020-07-16,10:42:47.370,52,52,100,44,2,250,59,100,42,46.671084 -71.307542,64.3,23.28,14,16,0.30,-0.17,-2.47,14.4,13.3,2137,0,0,21,0,-484,13,-59,-1024,1024,0,0,-1024,1024,-1,-1,-1,-1,1,-1,-1,-1,AE,7.9
2020-07-16,10:42:48.370,50,50,100,52,2,250,57,100,45,46.670978 -71.307772,63.2,23.84,12,16,0.30,-0.20,-2.41,14.4,15.4,2141,0,0,21,-11,-475,6,-59,-1024,1024,0,0,-1024,1024,-1,-1,-1,-1,1,-1,-1,-1,AE,7.9
2020-07-16,10:42:49.490,49,49,100,61,2,250,56,100,46,46.670900 -71.307966,60.0,24.20,11,16,0.29,-0.23,-2.33,14.5,15.5,2146,0,0,16,0,-473,8,-58,-1024,1024,0,0,-1024,1024,-1,-1,-1,-1,1,-1,-1,-1,AE,7.9
2020-07-16,10:42:50.490,49,49,100,50,2,250,56,100,47,46.670832 -71.308157,58.5,24.31,10,16,0.29,-0.23,-2.28,14.5,15.3,2150,0,0,21,-2,-433,26,-58,-1024,1024,0,0,-1024,1024,-1,-1,-1,-1,1,-1,-1,-1,AE,7.9
2020-07-16,10:42:51.600,51,51,100,46,2,250,58,100,39,46.670756 -71.308383,57.2,24.46,9,16,0.26,-0.19,-2.20,14.4,14.4,2155,0,0,14,-8,-464,6,-59,-1024,1024,0,0,-1024,1024,-1,-1,-1,-1,1,-1,-1,-1,AE,7.9
2020-07-16,10:42:52.610,54,54,100,47,2,250,61,99,41,46.670709 -71.308531,55.2,24.59,9,16,0.24,-0.19,-2.21,14.5,11.3,2158,0,0,16,-40,-489,6,-59,-1024,1024,0,0,-1024,1024,-1,-1,-1,-1,1,-1,-1,-1,AE,7.9
2020-07-16,10:42:53.720,57,57,100,50,2,250,65,93,37,46.670646 -71.308743,51.1,24.65,10,16,0.15,-0.18,-2.22,14.5,11.2,2162,0,0,4,-37,-534,4,-59,-1024,1024,0,0,-1024,1024,-1,-1,-1,-1,1,-1,-1,-1,AE,7.9
2020-07-16,10:42:54.810,55,55,100,45,2,250,62,99,37,46.670586 -71.308936,45.9,24.47,10,16,0.11,-0.17,-2.25,14.5,10.2,2165,0,0,4,-11,-512,6,-59,-1024,1024,0,0,-1024,1024,-1,-1,-1,-1,1,-1,-1,-1,AE,7.9
2020-07-16,10:42:55.890,58,58,100,37,2,250,68,98,33,46.670536 -71.309075,40.5,24.26,10,16,0.10,-0.11,-2.11,14.5,10.6,2169,0,0,64,2,-543,36,-58,-1024,1024,0,0,-1024,1024,-1,-1,-1,-1,1,-1,-1,-1,AE,7.9
2020-07-16,10:42:56.970,70,70,100,30,2,250,73,99,23,46.670487 -71.309220,33.1,24.57,10,16,0.09,-0.06,-1.97,14.4,9.6,2172,0,0,33,2,-595,34,-59,-1024,1024,0,0,-1024,1024,-1,-1,-1,-1,1,-1,-1,-1,AE,7.9
2020-07-16,10:42:58.040,74,74,100,26,2,250,77,94,24,46.670459 -71.309322,27.0,25.21,9,16,0.08,-0.02,-1.87,14.4,10.3,2176,0,0,64,-23,-548,13,-58,-1024,1024,0,0,-1024,1024,-1,-1,-1,-1,1,-1,-1,-1,AE,7.9
2020-07-16,10:42:59.100,73,73,98,28,1,250,84,100,18,46.670456 -71.309340,25.0,25.39,9,16,0.08,-0.02,-1.85,14.4,10.9,2176,0,0,2,-52,-457,2,-59,-1024,1024,0,0,-1024,1024,-1,-1,-1,-1,1,-1,-1,-1,1AE,7.9
2020-07-16,10:43:00.150,84,84,100,19,1,250,86,100,14,46.670446 -71.309429,16.6,26.63,7,16,-0.05,-0.06,-1.81,14.4,11.9,2179,0,0,69,0,-462,56,-59,-1024,1024,0,0,-1024,1024,-1,-1,-1,-1,1,-1,-1,-1,1AE,7.9
2020-07-16,10:43:01.170,86,86,100,17,1,250,78,100,19,46.670446 -71.309429,16.6,26.63,7,16,-0.02,0.06,-1.45,14.5,13.9,2183,0,0,2,0,-390,8,-59,-1024,1024,0,0,-1024,1024,-1,-1,-1,-1,1,-1,-1,-1,1AE,7.9
2020-07-16,10:43:02.210,76,76,100,20,1,250,76,100,22,46.670448 -71.309499,3.2,-32.01,7,16,0.02,0.15,-1.27,14.4,16.7,2189,0,0,229,353,-428,386,-59,-1024,1024,0,0,-1024,1024,-1,-1,-1,-1,1,-1,-1,-1,1AE,7.9
2020-07-16,10:43:03.250,62,62,100,40,1,250,66,100,30,46.670458 -71.309488,11.9,3.76,8,16,0.90,-0.04,0.31,14.4,11.9,2194,0,0,2,-280,-101,6,-59,-1024,1024,0,0,-1024,1024,-1,-1,-1,-1,1,-1,-1,-1,1AE,7.9
2020-07-16,10:43:04.340,60,60,100,37,1,250,63,100,35,46.670519 -71.309404,53.2,4.59,8,16,0.35,-0.11,0.00,14.2,48.4,2205,0,0,2,65,-151,2,-59,-1024,1024,0,0,-1024,1024,-1,-1,-1,-1,1,-1,-1,-1,1AE,7.9
2020-07-16,10:43:05.340,52,52,100,49,2,250,57,100,43,46.670698 -71.309194,61.4,2.88,11,16,0.85,0.00,0.19,13.9,38.2,2226,0,0,152,25,-297,95,-59,-1024,1024,0,0,-1024,1024,-1,-1,-1,-1,1,-1,-1,-1,AE,7.9
2020-07-16,10:43:06.430,55,55,100,52,2,250,61,100,40,46.670871 -71.309057,66.8,3.18,12,16,0.79,0.11,0.55,14.0,26.8,2234,0,0,42,-52,-254,115,-59,-1024,1024,0,0,-1024,1024,-1,-1,-1,-1,1,-1,-1,-1,AE,7.9
2020-07-16,10:43:07.530,58,58,100,39,2,250,63,99,36,46.671001 -71.308905,68.9,4.66,8,16,0.54,0.12,0.84,14.0,36.4,2245,0,0,7,0,-63,95,-59,-1024,1024,0,0,-1024,1024,-1,-1,-1,-1,1,-1,-1,-1,AE,7.9
2020-07-16,10:43:08.630,49,49,100,52,2,250,57,100,43,46.671104 -71.308695,72.7,6.19,6,16,0.48,0.06,0.90,13.9,31.8,2255,0,0,2,-150,-275,-6,-58,-1024,1024,0,0,-1024,1024,-1,-1,-1,-1,1,-1,-1,-1,AE,7.9
2020-07-16,10:43:09.730,37,37,100,70,2,250,44,100,57,46.671193 -71.308422,63.8,6.49,5,16,0.17,0.02,0.97,14.0,21.8,2263,0,0,0,-46,-360,2,-59,-1024,1024,0,0,-1024,1024,-1,-1,-1,-1,1,-1,-1,-1,AE,7.9
2020-07-16,10:43:10.800,41,41,100,63,2,250,47,100,54,46.671265 -71.308191,52.2,6.70,6,16,0.18,-0.01,1.01,14.3,16.5,2268,0,0,2,2,-460,2,-58,-1024,1024,0,0,-1024,1024,-1,-1,-1,-1,1,-1,-1,-1,AE,7.9
2020-07-16,10:43:11.880,45,45,100,52,2,250,51,99,52,46.671315 -71.308030,45.8,6.44,7,16,0.24,-0.05,1.04,14.4,14.9,2273,0,0,0,2,-455,-24,-58,-1024,1024,0,0,-1024,1024,-1,-1,-1,-1,1,-1,-1,-1,AE,7.9
2020-07-16,10:43:12.960,48,48,100,52,2,250,53,99,47,46.671360 -71.307888,41.2,6.64,8,16,0.28,-0.06,1.06,14.2,13.0,2277,0,0,-15,5,-512,-72,-59,-1024,1024,0,0,-1024,1024,-1,-1,-1,-1,1,-1,-1,-1,AE,7.9
2020-07-16,10:43:14.060,52,52,100,50,2,250,57,100,45,46.671409 -71.307735,36.3,6.06,8,16,0.32,-0.07,0.82,14.2,11.8,2281,0,0,-101,2,-514,-13,-59,-1024,1024,0,0,-1024,1024,-1,-1,-1,-1,1,-1,-1,-1,AE,7.9
2020-07-16,10:43:15.150,57,57,100,45,2,250,63,100,39,46.671470 -71.307608,34.9,4.94,8,16,0.34,-0.02,0.52,14.2,12.5,2284,0,0,-134,2,-491,-72,-58,-1024,1024,0,0,-1024,1024,-1,-1,-1,-1,1,-1,-1,-1,AE,7.9
2020-07-16,10:43:16.240,73,73,100,27,2,250,79,94,21,46.671536 -71.307529,34.2,2.84,8,16,0.33,0.02,0.05,14.2,11.8,2287,0,0,-162,0,-516,-81,-58,-1024,1024,0,0,-1024,1024,-1,-1,-1,-1,1,-1,-1,-1,0x000000000000000E,7.9
2020-07-16,10:43:17.340,73,73,100,27,2,250,79,90,22,46.671635 -71.307494,34.6,-29.76,7,16,0.26,-0.11,-1.03,14.3,8.1,2290,0,0,-259,-92,-550,-239,-58,-1024,1024,0,0,-1024,1024,-1,-1,-1,-1,1,-1,-1,-1,AE,7.9
2020-07-16,10:43:18.450,78,78,100,30,1,250,85,97,19,46.671694 -71.307521,28.9,32.44,5,16,0.23,-0.39,-1.94,14.3,25.8,2295,0,0,-152,-17,-415,-9,-59,-1024,1024,0,0,-1024,1024,-1,-1,-1,-1,1,-1,-1,-1,1AE,7.9
2020-07-16,10:43:19.570,81,81,100,21,1,250,84,100,19,46.671694 -71.307521,28.9,32.44,5,16,0.23,-0.39,-1.94,14.1,17.1,2299,0,0,-66,-11,-521,-33,-58,-1024,1024,0,0,-1024,1024,-1,-1,-1,-1,1,-1,-1,-1,1AE,7.9
2020-07-16,10:43:20.680,81,81,100,21,1,250,85,100,19,46.671720 -71.307604,19.7,27.33,5,16,0.29,-0.31,-2.40,14.2,11.1,2303,0,0,-127,-37,-518,-79,-58,-1024,1024,0,0,-1024,1024,-1,-1,-1,-1,1,-1,-1,-1,1AE,7.9
2020-07-16,10:43:21.790,84,84,98,17,1,250,88,100,16,46.671720 -71.307604,19.7,27.33,5,16,0.33,-0.31,-2.75,14.2,14.5,2307,0,0,-134,-31,-442,-42,-58,-1024,1024,0,0,-1024,1024,-1,-1,-1,-1,1,-1,-1,-1,1AE,7.9
2020-07-16,10:43:22.800,89,89,100,14,1,250,86,100,18,46.671654 -71.307742,22.6,21.68,4,18,0.34,-0.20,-3.21,14.1,18.4,2312,0,0,-99,0,-498,-42,-58,-1024,1024,0,0,-1024,1024,-1,-1,-1,-1,1,-1,-1,-1,1AE,7.9
2020-07-16,10:43:23.800,69,69,100,33,1,250,70,100,33,46.671654 -71.307742,22.6,21.68,4,18,0.39,-0.10,2.97,14.2,11.9,2316,0,0,346,-2,-349,304,-58,-1024,1024,0,0,-1024,1024,-1,-1,-1,-1,1,-1,-1,-1,1AE,7.9
2020-07-16,10:43:24.900,74,74,100,29,1,250,71,100,34,46.671541 -71.307771,20.1,17.28,5,18,0.37,-0.02,-3.18,14.2,11.9,2316,0,0,0,103,-496,2,-59,-1024,1024,0,0,-1024,1024,-1,-1,-1,-1,1,-1,-1,-1,1AE,7.9
2020-07-16,10:43:26.000,66,66,100,37,1,250,68,100,35,46.671497 -71.307749,17.0,16.64,6,18,0.18,0.17,-0.90,14.1,12.3,2326,0,0,-81,2,-471,-207,-58,-1024,1024,0,0,-1024,1024,-1,-1,-1,-1,1,-1,-1,-1,1AE,7.9
2020-07-16,10:43:27.080,66,66,100,37,1,250,68,100,36,46.671472 -71.307758,9.1,22.48,7,19,0.26,-0.16,-1.01,14.1,12.3,2326,0,0,-106,-2,-462,-72,-59,-1024,1024,0,0,-1024,1024,-1,-1,-1,-1,1,-1,-1,-1,1AE,7.9
2020-07-16,10:43:28.190,63,63,100,38,2,250,64,100,36,46.671433 -71.307937,39.3,24.38,6,19,0.33,-0.14,-1.75,13.8,25.1,2339,0,0,2,-2,-297,102,-59,-1024,1024,0,0,-1024,1024,-1,-1,-1,-1,1,-1,-1,-1,AE,7.9
2020-07-16,10:43:29.300,52,52,100,52,2,250,57,100,43,46.671371 -71.308115,50.3,24.33,6,19,0.22,-0.02,-1.88,13.9,13.8,2344,0,0,2,-112,-502,4,-58,-1024,1024,0,0,-1024,1024,-1,-1,-1,-1,1,-1,-1,-1,AE,7.9
2020-07-16,10:43:30.370,46,46,100,55,2,250,52,99,49,46.671304 -71.308315,50.0,24.68,5,19,0.04,0.04,-1.70,14.0,9.2,2347,0,0,14,-5,-493,6,-58,-1024,1024,0,0,-1024,1024,-1,-1,-1,-1,1,-1,-1,-1,AE,7.9
2020-07-16,10:43:31.420,43,43,100,60,2,250,50,100,53,46.671259 -71.308481,46.7,25.12,5,19,0.10,0.14,-1.58,14.0,9.5,2351,0,0,279,-66,-595,186,-59,-1024,1024,0,0,-1024,1024,-1,-1,-1,-1,1,-1,-1,-1,AE,7.9
2020-07-16,10:43:32.520,48,48,100,52,2,250,54,99,49,46.671235 -71.308633,37.4,26.32,4,19,0.32,0.44,0.25,13.9,16.7,2354,0,0,9,-133,-471,123,-59,-1024,1024,0,0,-1024,1024,-1,-1,-1,-1,1,-1,-1,-1,AE,7.9
2020-07-16,10:43:33.630,35,35,100,67,2,250,42,99,58,46.671234 -71.308735,6.3,27.03,2,17,0.16,0.35,0.19,13.6,24.6,2363,0,0,2,88,-561,-113,-59,-1024,1024,0,0,-1024,1024,-1,-1,-1,-1,1,-1,-1,-1,AE,7.9
2020-07-16,10:43:34.730,39,39,100,67,2,250,43,100,57,46.671239 -71.308731,7.8,2.98,3,19,0.30,0.01,0.15,13.8,13.5,2365,0,0,0,0,-543,-18,-59,-1024,1024,0,0,-1024,1024,-1,-1,-1,-1,1,-1,-1,-1,AE,7.9
2020-07-16,10:43:35.830,44,44,100,58,2,250,48,100,51,46.671267 -71.308716,15.2,1.79,2,19,0.20,0.09,0.28,13.8,21.6,2370,0,0,7,-95,-401,4,-59,-1024,1024,0,0,-1024,1024,-1,-1,-1,-1,1,-1,-1,-1,AE,7.9
2020-07-16,10:43:36.900,31,31,100,65,2,250,37,100,60,46.671313 -71.308690,5.0,2.10,0,19,0.15,0.05,0.30,13.7,11.5,2373,0,0,2,0,-1024,2,-59,-1024,1024,0,0,-1024,1024,-1,-1,-1,-1,1,-1,-1,-1,AE,7.9